id,name,source,quality,stage,first,next,owner,notes
L-101,Aisha Coleman,Instagram,Hot,Follow-Up Due,2026-09-19,2026-09-29,Maya,"Asked about listing promotion and requested pricing."
L-102,Jordan Blake,ListKit,Intent,Contacted,2026-09-21,2026-09-30,Maya,"Intent lead; waiting on preferred call time."
L-103,Riley Morgan,Realtor.com SMS,Warm,Meeting Booked,2026-09-16,2026-10-02,David,"Discovery call booked."
L-104,Chinedu Okafor,Meta Ads,Cold,New Lead,2026-09-27,2026-09-30,David,"New paid-funnel lead."
L-105,Sofia Grant,Instagram,Intent,New Lead,2026-09-28,2026-09-29,Maya,"Requested case studies in DM."
L-106,Marcus Lee,ListKit,Hot,Contacted,2026-09-18,2026-09-29,David,"Positive email reply."
L-107,Tara Williams,Realtor.com SMS,Warm,Follow-Up Due,2026-09-22,2026-09-29,Maya,"Second follow-up due."
L-108,Noah Bennett,Instagram,Hot,Closed,2026-09-09,2026-09-24,David,"Closed won."
L-109,Grace Nwosu,ListKit,Intent,Follow-Up Due,2026-09-23,2026-09-30,Maya,"Intent signal detected."
L-110,Ethan Parker,Meta Ads,Warm,Contacted,2026-09-20,2026-10-01,David,"Requested a callback."
L-111,Mina Joseph,Instagram,Cold,New Lead,2026-09-26,2026-10-03,Maya,"No response yet."
L-112,Daniel Price,ListKit,Ghosted,Follow-Up Due,2026-09-17,2026-09-29,David,"No reply after initial contact."
